{"initial_reset_timestamp": 1550028435.359382, "timestamps": [1550028440.767543, 1550028445.9852386], "episode_lengths": [1340, 1210], "episode_rewards": [-20.0, -21.0], "episode_types": ["t", "t", "t"]}