{"initial_reset_timestamp": 1550028440.768598, "timestamps": [1550028445.9855483], "episode_lengths": [1210], "episode_rewards": [-21.0], "episode_types": ["t", "t"]}