{"initial_reset_timestamp": 1550105970.931793, "timestamps": [1550105975.4144113, 1550105983.8037574, 1550105995.9108706, 1550106011.5393648, 1550106027.7049215], "episode_lengths": [384, 600, 754, 853, 792], "episode_rewards": [15.0, 105.0, 180.0, 140.0, 210.0], "episode_types": ["t", "t", "t", "t", "t"]}