{"initial_reset_timestamp": 1550105965.6093814, "timestamps": [1550105970.2210453, 1550105975.413501, 1550105983.8034964, 1550105995.9105258, 1550106011.5389774, 1550106027.7045333], "episode_lengths": [514, 384, 600, 754, 853, 792], "episode_rewards": [50.0, 15.0, 105.0, 180.0, 140.0, 210.0], "episode_types": ["t", "t", "t", "t", "t", "t", "t"]}