{"initial_reset_timestamp": 1550105996.609548, "timestamps": [1550106011.5426726, 1550106027.7090373], "episode_lengths": [853, 792], "episode_rewards": [140.0, 210.0], "episode_types": ["t", "t"]}