{"initial_reset_timestamp": 1550105976.130723, "timestamps": [1550105983.805749, 1550105995.911851, 1550106011.5403612, 1550106027.7075553], "episode_lengths": [600, 754, 853, 792], "episode_rewards": [105.0, 180.0, 140.0, 210.0], "episode_types": ["t", "t", "t", "t"]}