{"initial_reset_timestamp": 1550106012.3075323, "timestamps": [1550106027.7103047], "episode_lengths": [792], "episode_rewards": [210.0], "episode_types": ["t"]}